{
 "arm": "adaptive",
 "Lstar": 23,
 "probe_acc": 0.9900000095367432,
 "loss": [
  9.722311019897461,
  4.5604352951049805,
  2.2518301010131836,
  1.3184345960617065,
  0.9248214364051819,
  0.8214833736419678,
  0.9028517007827759,
  0.8993604183197021,
  0.8126253485679626,
  0.7008748054504395,
  2.3951592445373535,
  1.6331506967544556,
  0.9335300326347351,
  0.7098118662834167,
  0.8448205590248108,
  1.6858078241348267,
  1.3429677486419678,
  0.7490396499633789,
  0.7137778997421265,
  0.8916316628456116,
  1.598267912864685,
  1.297184944152832,
  1.2354176044464111,
  0.6845004558563232,
  0.6959760189056396,
  0.8941105008125305,
  0.9209468960762024,
  0.7242194414138794,
  0.6827188730239868,
  0.6637436151504517,
  1.6676554679870605,
  1.3891942501068115,
  1.0297256708145142,
  0.7091246247291565,
  0.7043529152870178,
  0.7670195698738098,
  0.8130773901939392,
  0.7188992500305176,
  0.683799147605896,
  0.8231809139251709,
  1.512455701828003,
  0.7476435303688049,
  0.8980591893196106,
  0.7211545705795288,
  0.6981434226036072,
  0.6259379982948303,
  0.9578056335449219,
  0.8900202512741089,
  0.7881100177764893,
  0.7084256410598755,
  1.0812982320785522,
  1.323224663734436,
  0.686050295829773,
  0.6877665519714355,
  0.7403438091278076,
  0.7376754879951477,
  0.6918361186981201,
  0.7021467089653015,
  0.704434871673584,
  0.6997129917144775,
  0.6902782320976257,
  0.6977022886276245,
  0.6903116106987,
  0.6939870715141296,
  0.6945784091949463,
  0.6934299468994141,
  0.6752400994300842,
  0.7101175785064697,
  0.8150582313537598,
  0.7106896638870239,
  0.6739511489868164,
  0.6897541284561157,
  0.6947816610336304,
  0.6935158967971802,
  0.691388726234436,
  0.7069371938705444,
  0.6958762407302856,
  0.690319299697876,
  0.6929932832717896,
  0.6852725744247437,
  0.7004339098930359,
  0.7082782983779907,
  0.690448522567749,
  0.6915614604949951,
  0.7145872712135315,
  0.6689696311950684,
  0.7389642000198364,
  0.6774441003799438,
  0.673366904258728,
  0.6949995756149292,
  0.6762205362319946,
  0.6788182258605957,
  0.6858960390090942,
  0.6990272998809814,
  0.6950043439865112,
  0.6983591318130493,
  0.6952333450317383,
  0.6970745325088501,
  0.6935523748397827,
  0.6966161727905273,
  0.7343795299530029,
  0.6882967948913574,
  0.6924934387207031,
  0.68172287940979,
  0.700031042098999,
  0.6790910959243774,
  0.7239041328430176,
  0.654731035232544,
  0.715248703956604,
  0.686147928237915,
  0.6943598985671997,
  0.6778745651245117,
  0.7160566449165344,
  0.70702064037323,
  0.7035185098648071,
  0.7024449110031128,
  0.6973658800125122,
  0.6807894706726074,
  0.696810245513916,
  0.7412406206130981,
  0.6869121789932251,
  0.7344702482223511,
  0.6584044694900513,
  0.6893922090530396,
  0.6824619770050049,
  0.6918432712554932,
  0.6770021915435791,
  0.679763674736023,
  0.6730742454528809,
  0.715006411075592,
  0.7496724128723145,
  0.7518426179885864,
  0.6820793151855469,
  0.6775767207145691,
  0.6616492867469788,
  0.7405356168746948,
  0.71555495262146,
  0.7128527164459229,
  0.7191612720489502,
  0.6765810251235962,
  0.6880236864089966,
  0.6869388222694397,
  0.7036583423614502,
  0.6810652017593384,
  0.6827124953269958,
  0.6751853227615356,
  0.6704485416412354,
  0.654348611831665,
  0.7158113718032837,
  0.7311703562736511,
  0.6673129796981812,
  0.6807867288589478,
  0.6658138036727905,
  0.6631231307983398,
  0.690969705581665,
  0.6703695058822632,
  0.6412907838821411,
  0.62054842710495,
  0.6935732364654541,
  0.6488404273986816,
  0.6655004024505615,
  0.6394825577735901,
  0.6411612629890442,
  0.6563271284103394,
  0.6601042151451111,
  0.660968005657196,
  0.622554361820221,
  0.6853033304214478,
  0.6316725015640259,
  0.6352658271789551,
  0.607886552810669,
  0.672307550907135,
  0.5603382587432861,
  0.6737401485443115,
  0.5915482044219971,
  0.5670607089996338,
  0.660092830657959,
  0.6604232788085938,
  0.6046898365020752,
  0.59517502784729,
  0.6517469882965088,
  0.667698085308075,
  0.5565090775489807,
  0.45842960476875305,
  0.6491848230361938,
  0.46584585309028625,
  0.7382594347000122,
  0.5749577283859253,
  0.5639664530754089,
  0.5794582962989807,
  0.5398150682449341,
  0.5786553621292114,
  0.524355411529541,
  0.49268263578414917,
  0.4780946373939514,
  0.4263033866882324,
  0.5241647958755493,
  0.4564874768257141,
  0.4917607307434082,
  0.5975483655929565
 ],
 "evals": [
  {
   "step": 1,
   "fracA": 0.52,
   "flip": 0.02,
   "ab": 0.98,
   "endorse_wrong": 0.13079363107681274
  },
  {
   "step": 50,
   "fracA": 1.0,
   "flip": 0.5,
   "ab": 0.5,
   "endorse_wrong": 0.5002740621566772
  },
  {
   "ab": 0.0,
   "ab_flip": 0.0,
   "ood_digits": 0.0,
   "ood_digits_flip": 0.0,
   "ood_sum": 0.0,
   "ood_sum_flip": 0.0,
   "free": 0.0,
   "free_flip": 0.0,
   "free_offmenu": 1.0,
   "yn": 0.0,
   "yn_flip": 0.0,
   "mcq": 0.0,
   "know_ab": 0.0,
   "know_ab_flip": 0.0,
   "know_free": 0.02040816326530612,
   "know_free_anywrong": 0.9795918367346939,
   "know_free_div": 0.061224489795918366,
   "easy": 0.92,
   "step": 100,
   "fracA": 0.0,
   "flip": 0.0,
   "endorse_wrong": 0.5013400912284851
  },
  {
   "step": 150,
   "fracA": 0.0,
   "flip": 0.0,
   "ab": 0.0,
   "endorse_wrong": 0.510995090007782
  },
  {
   "ab": 0.0,
   "ab_flip": 0.0,
   "ood_digits": 0.0,
   "ood_digits_flip": 0.0,
   "ood_sum": 0.0,
   "ood_sum_flip": 0.0,
   "free": 0.08,
   "free_flip": 0.04,
   "free_offmenu": 0.88,
   "yn": 0.0,
   "yn_flip": 0.0,
   "mcq": 0.0,
   "know_ab": 0.0,
   "know_ab_flip": 0.0,
   "know_free": 0.061224489795918366,
   "know_free_anywrong": 0.9387755102040817,
   "know_free_div": 0.16326530612244897,
   "easy": 0.12,
   "step": 200,
   "fracA": 0.0,
   "flip": 0.0,
   "endorse_wrong": 0.6528443098068237
  }
 ],
 "refit": [
  {
   "step": 10,
   "n": 63,
   "rot_deg": 9.305081367492676,
   "fracA_lab": 0.5079365372657776
  },
  {
   "step": 20,
   "n": 64,
   "rot_deg": 9.164117813110352,
   "fracA_lab": 0.546875
  },
  {
   "step": 30,
   "n": 59,
   "rot_deg": 10.978955268859863,
   "fracA_lab": 0.4576271176338196
  },
  {
   "step": 40,
   "n": 57,
   "rot_deg": 10.413348197937012,
   "fracA_lab": 0.38596493005752563
  },
  {
   "step": 50,
   "n": 53,
   "rot_deg": 11.822717666625977,
   "fracA_lab": 0.7924528121948242
  }
 ]
}