{
 "arm": "adaptive",
 "Lstar": 23,
 "probe_acc": 0.9900000095367432,
 "loss": [
  10.119173049926758,
  4.917416572570801,
  2.4191694259643555,
  1.40763521194458,
  1.0068823099136353,
  0.8823866844177246,
  0.9745093584060669,
  0.9367968440055847,
  0.8508889675140381,
  0.7934479713439941,
  3.0755627155303955,
  1.7669878005981445,
  1.3344618082046509,
  0.7698964476585388,
  1.7175607681274414,
  1.9364739656448364,
  1.2804569005966187,
  1.4383282661437988,
  0.8448041677474976,
  0.8476900458335876,
  2.5780911445617676,
  1.304707646369934,
  1.0365805625915527,
  0.7510833144187927,
  0.803519606590271,
  0.8334469199180603,
  0.735220730304718,
  0.7552379369735718,
  0.8304385542869568,
  0.9475194215774536,
  1.514939546585083,
  2.0358715057373047,
  1.2349200248718262,
  1.3072558641433716,
  0.7146318554878235,
  0.7700809240341187,
  1.0161155462265015,
  0.8805373311042786,
  0.9006845355033875,
  0.7458034753799438,
  2.2787861824035645,
  1.4862922430038452,
  0.9308291673660278,
  0.8192865252494812,
  0.7442057728767395,
  0.7971321940422058,
  0.8588417768478394,
  0.7840068936347961,
  0.7301247119903564,
  0.7469677925109863,
  1.7831463813781738,
  1.5833792686462402,
  1.0182563066482544,
  0.7953959107398987,
  0.7840625047683716,
  0.8680740594863892,
  1.28997802734375,
  1.4149529933929443,
  1.1589066982269287,
  0.7527158856391907,
  1.2375805377960205,
  1.1985149383544922,
  0.8283133506774902,
  0.6624715328216553,
  0.9289226531982422,
  1.2257508039474487,
  0.865745484828949,
  0.8804041147232056,
  0.71331387758255,
  0.7120426893234253,
  1.3047659397125244,
  1.0258762836456299,
  0.7632147669792175,
  0.7429863214492798,
  0.785584032535553,
  0.9365513324737549,
  0.793114960193634,
  0.7933530807495117,
  0.7401233911514282,
  0.6915126442909241,
  0.9578801989555359,
  1.0386452674865723,
  0.7163400650024414,
  0.6701586246490479,
  0.7851693630218506,
  0.8882060647010803,
  0.7721987366676331,
  0.8450683951377869,
  0.608370840549469,
  0.48894643783569336,
  0.7535738945007324,
  0.6515290141105652,
  0.7229655981063843,
  0.5933853983879089,
  0.5693350434303284,
  0.4787772297859192,
  0.40273410081863403,
  0.3200819492340088,
  0.25787100195884705,
  0.1478079855442047,
  1.523687481880188,
  1.4123908281326294,
  1.426093339920044,
  0.9926366209983826,
  0.6431664824485779,
  0.4506596326828003,
  0.27284130454063416,
  0.25039538741111755,
  0.13738764822483063,
  0.14325588941574097,
  1.1321024894714355,
  0.8190025687217712,
  0.532017171382904,
  0.287605345249176,
  0.14131394028663635,
  0.17276853322982788,
  0.08592631667852402,
  0.1572866141796112,
  0.09172932058572769,
  0.1586778163909912,
  5.934344291687012,
  3.719108819961548,
  2.7407913208007812,
  1.2864850759506226,
  0.9616342782974243,
  0.7944136261940002,
  0.7630771994590759,
  0.7219222784042358,
  0.6842095255851746,
  0.6632753014564514,
  1.107670545578003,
  0.795811116695404,
  0.7452261447906494,
  1.0080926418304443,
  0.7597663998603821,
  0.6355528235435486,
  0.6126303672790527,
  0.5817990303039551,
  0.550353467464447,
  0.465307354927063,
  0.856644868850708,
  0.6433771848678589,
  0.6419405937194824,
  0.48109591007232666,
  0.5169041752815247,
  0.43465539813041687,
  0.41460657119750977,
  0.2951678931713104,
  0.2667514383792877,
  0.1948108822107315,
  0.728175938129425,
  0.6098239421844482,
  0.41841667890548706,
  0.356540709733963,
  0.32914724946022034,
  0.23843036592006683,
  0.172775536775589,
  0.13275805115699768,
  0.25709977746009827,
  0.10509838163852692,
  0.7848508358001709,
  0.6189694404602051,
  0.37002912163734436,
  0.28938159346580505,
  0.1827375441789627,
  0.14925916492938995,
  0.19518160820007324,
  0.10215529054403305,
  0.09438233077526093,
  0.20274341106414795,
  0.3298266530036926,
  0.2958678603172302,
  0.15779154002666473,
  0.11643281579017639,
  0.08900423347949982,
  0.1230686604976654,
  0.09294282644987106,
  0.12500616908073425,
  0.43772757053375244,
  0.08932216465473175,
  0.8527804017066956,
  0.6521549820899963,
  0.3697437345981598,
  0.23863433301448822,
  0.2049824446439743,
  0.10399699956178665,
  0.08665381371974945,
  0.06702234596014023,
  0.1875336468219757,
  0.1325482726097107,
  0.5239207744598389,
  0.28264349699020386,
  0.18327444791793823,
  0.11696694046258926,
  0.08703909069299698,
  0.09933677315711975,
  0.137069433927536,
  0.10556048899888992,
  0.05669599026441574,
  0.05523074418306351,
  0.19802653789520264,
  0.17441019415855408,
  0.11948450654745102,
  0.08345901221036911,
  0.16439473628997803,
  0.08317817747592926,
  0.1355758011341095,
  0.1506996750831604,
  0.13376736640930176,
  0.0835382342338562,
  0.20632576942443848,
  0.16151471436023712,
  0.12959477305412292,
  0.14299166202545166,
  0.058857303112745285,
  0.07089988887310028,
  0.05358145013451576,
  0.11635418236255646,
  0.06607817858457565,
  0.08379676192998886,
  0.5872947573661804,
  0.3635837435722351,
  0.3937796950340271,
  0.1788308024406433,
  0.14808250963687897,
  0.08742217719554901,
  0.06700444966554642,
  0.07253672182559967,
  0.04735950753092766,
  0.056034162640571594,
  0.25952020287513733,
  0.2760929763317108,
  0.19644255936145782,
  0.2209969162940979,
  0.1136741191148758,
  0.06213226914405823,
  0.07755990326404572,
  0.06835115700960159,
  0.07486685365438461,
  0.0883471816778183,
  0.17267939448356628,
  0.14627616107463837,
  0.07795122265815735,
  0.15516069531440735,
  0.09821419417858124,
  0.08651506155729294,
  0.06571981310844421,
  0.039494894444942474,
  0.26070040464401245,
  0.2314530909061432,
  0.1871168613433838,
  0.11564777046442032,
  0.13096950948238373,
  0.08334754407405853,
  0.047192804515361786,
  0.04704855754971504,
  0.13467194139957428,
  0.07398150116205215,
  0.04187634587287903,
  0.04020751267671585,
  0.17405429482460022,
  0.11283555626869202,
  0.0698036327958107,
  0.0669993981719017,
  0.13535460829734802,
  0.05030268430709839,
  0.09863972663879395,
  0.055990464985370636,
  0.1506478488445282,
  0.09896502643823624,
  0.19698843359947205,
  0.20154067873954773,
  0.30085301399230957,
  0.16000869870185852,
  0.14422011375427246,
  0.06236698478460312,
  0.09230898320674896,
  0.20095598697662354,
  0.16905251145362854,
  0.06816935539245605,
  0.44260239601135254,
  0.2512056827545166,
  0.19187021255493164,
  0.23171091079711914,
  0.1341448426246643,
  0.15399669110774994,
  0.0846526250243187,
  0.0716131329536438,
  0.08529423177242279,
  0.06148539111018181,
  0.25610560178756714,
  0.16615824401378632,
  0.17475757002830505,
  0.20604126155376434,
  0.08595927059650421,
  0.12956449389457703,
  0.08596308529376984,
  0.05350435897707939,
  0.21877288818359375,
  0.06892858445644379
 ],
 "evals": [
  {
   "step": 1,
   "fracA": 0.5133333333333333,
   "flip": 0.013333333333333334,
   "ab": 0.9866666666666667,
   "endorse_wrong": 0.14047178626060486
  },
  {
   "step": 50,
   "fracA": 0.64,
   "flip": 0.15333333333333332,
   "ab": 0.8466666666666667,
   "endorse_wrong": 0.502252459526062
  },
  {
   "ab": 0.9866666666666667,
   "ab_flip": 0.013333333333333334,
   "ood_digits": 0.9533333333333334,
   "ood_digits_flip": 0.04666666666666667,
   "ood_sum": 0.8333333333333334,
   "ood_sum_flip": 0.16666666666666666,
   "free": 0.9866666666666667,
   "free_flip": 0.013333333333333334,
   "free_offmenu": 0.0,
   "yn": 0.72,
   "yn_flip": 0.28,
   "mcq": 0.54,
   "know_ab": 1.0,
   "know_ab_flip": 0.0,
   "know_free": 0.8367346938775511,
   "know_free_anywrong": 0.16326530612244897,
   "know_free_div": 0.9795918367346939,
   "easy": 1.0,
   "step": 100,
   "fracA": 0.5,
   "flip": 0.013333333333333334,
   "endorse_wrong": 0.22841279208660126
  },
  {
   "step": 150,
   "fracA": 0.56,
   "flip": 0.16666666666666666,
   "ab": 0.8333333333333334,
   "endorse_wrong": 0.5668342113494873
  },
  {
   "ab": 0.5466666666666666,
   "ab_flip": 0.4166666666666667,
   "ood_digits": 0.9,