{
 "arm": "hybrid_buffer",
 "Lstar": 23,
 "probe_acc": 0.9900000095367432,
 "loss": [
  10.119173049926758,
  4.915915012359619,
  2.4182283878326416,
  1.4089096784591675,
  1.009476661682129,
  0.8806362152099609,
  1.062300443649292,
  0.8377177715301514,
  0.769090473651886,
  0.9704422950744629,
  1.0860322713851929,
  0.778190016746521,
  0.7986686825752258,
  0.7876941561698914,
  0.7757044434547424,
  0.7667129635810852,
  0.6948192715644836,
  0.8024545907974243,
  0.830016016960144,
  0.7916487455368042,
  0.7023347616195679,
  0.7137129306793213,
  0.7485508322715759,
  0.9396673440933228,
  0.8125665187835693,
  0.6170823574066162,
  0.599661111831665,
  0.7571967244148254,
  0.6144420504570007,
  0.6634279489517212,
  0.6122121810913086,
  0.6768629550933838,
  0.5907273888587952,
  0.7671592235565186,
  0.6718008518218994,
  0.5588018298149109,
  0.47491908073425293,
  0.36083924770355225,
  0.2563556432723999,
  0.2924293875694275,
  0.22662365436553955,
  0.16557170450687408,
  0.15701068937778473,
  0.2120322287082672,
  0.06658035516738892,
  0.04927143454551697,
  0.147067591547966,
  0.06242538243532181,
  0.06527427583932877,
  0.1504228562116623,
  0.29827460646629333,
  0.10456089675426483,
  0.05611203610897064,
  0.17810964584350586,
  0.09564179182052612,
  0.06284482777118683,
  0.07197225838899612,
  0.061530739068984985,
  0.07041196525096893,
  0.10507278889417648,
  0.1819840967655182,
  0.044587861746549606,
  0.04152566194534302,
  0.03183373063802719,
  0.10851969569921494,
  0.19993025064468384,
  0.06359755992889404,
  0.04456557705998421,
  0.17443591356277466,
  0.056665509939193726,
  0.03209098428487778,
  0.056295596063137054,
  0.2200765311717987,
  0.08949623256921768,
  0.17196713387966156,
  0.04465600475668907,
  0.0479084849357605,
  0.029032453894615173,
  0.07102576643228531,
  0.06203596666455269,
  0.667048454284668,
  0.08963560312986374,
  0.14442281424999237,
  0.1931782364845276,
  0.14806590974330902,
  0.03431122004985809,
  0.02793790027499199,
  0.03730376809835434,
  0.10327354073524475,
  0.04359358921647072,
  0.03740040212869644,
  0.03992345184087753,
  0.036085404455661774,
  0.032566800713539124,
  0.053251929581165314,
  0.06499242782592773,
  0.07220882922410965,
  0.276075541973114,
  0.05546942353248596,
  0.03020939975976944,
  0.26127728819847107,
  0.03808889538049698,
  0.2875007390975952,
  0.03447706252336502,
  0.05202165246009827,
  0.02864750288426876,
  0.030515708029270172,
  0.03037748858332634,
  0.11035171151161194,
  0.055068179965019226,
  0.03556268289685249,
  0.051731277257204056,
  0.025073088705539703,
  0.0730963796377182,
  0.09496281296014786,
  0.08630223572254181,
  0.0254620723426342,
  0.0262446366250515,
  0.26467767357826233,
  0.029298607259988785,
  0.1003379225730896,
  0.04608238488435745,
  0.043410636484622955,
  0.049116313457489014,
  0.02630710043013096,
  0.07415721565485,
  0.07785997539758682,
  0.10397873818874359,
  0.03616870939731598,
  0.03156198561191559,
  0.047462061047554016,
  0.08075849711894989,
  0.02624930813908577,
  0.054449670016765594,
  0.05746673792600632,
  0.026559850201010704,
  0.024887699633836746,
  0.02923884056508541,
  0.080933578312397,
  0.036495402455329895,
  0.03829390928149223,
  0.07350374758243561,
  0.02509715035557747,
  0.06647881865501404,
  0.10244420170783997,
  0.03299178555607796,
  0.26070109009742737,
  0.06563220918178558,
  0.06799646466970444,
  0.03571844846010208,
  0.1286313831806183,
  0.28963547945022583,
  0.0478692501783371,
  0.04957989603281021,
  0.057562097907066345,
  0.04376068711280823,
  0.09474167972803116,
  0.10712692141532898,
  0.027027791365981102,
  0.034355077892541885,
  0.05172440782189369,
  0.12965881824493408,
  0.050447288900613785,
  0.027521522715687752,
  0.031239096075296402,
  0.20684947073459625,
  0.2848774194717407,
  0.31390711665153503,
  0.06116670370101929,
  0.10381440818309784,
  0.03606920316815376,
  0.10211898386478424,
  0.15399089455604553,
  0.1858614683151245,
  0.034614160656929016,
  0.031163744628429413,
  0.04706954583525658,
  0.037721697241067886,
  0.07538820803165436,
  0.04265529289841652,
  0.13126680254936218,
  0.040774568915367126,
  0.05407647415995598,
  0.0953955352306366,
  0.06902523338794708,
  0.02755075693130493,
  0.22098253667354584,
  0.07538945972919464,
  0.02644859068095684,
  0.06983675807714462,
  0.05575904622673988,
  0.044547975063323975,
  0.03730483725667,
  0.07472556829452515,
  0.07512283325195312,
  0.032815370708703995,
  0.07259198278188705,
  0.0698210597038269,
  0.02965741604566574,
  0.07747012376785278,
  0.09225880354642868,
  0.07205674797296524,
  0.035491012036800385,
  0.04201732203364372,
  0.3230252265930176,
  0.04101039841771126,
  0.10084734857082367,
  0.1870013028383255,
  0.0527266263961792,
  0.02482357993721962,
  0.13315880298614502,
  0.11866094172000885,
  0.06563328951597214,
  0.04813587665557861,
  0.02982315421104431,
  0.08183975517749786,
  0.03184913471341133,
  0.06829797476530075,
  0.07339554280042648,
  0.056896619498729706,
  0.03515559434890747,
  0.11393076926469803,
  0.08658470213413239,
  0.17224149405956268,
  0.04466285929083824,
  0.036197759211063385,
  0.028334587812423706,
  0.0593266524374485,
  0.06488987058401108,
  0.029009703546762466,
  0.05653440207242966,
  0.1401367485523224,
  0.026624826714396477,
  0.1164003238081932,
  0.03456743061542511,
  0.0346837043762207,
  0.024757172912359238,
  0.03990594670176506,
  0.03166401386260986,
  0.06415930390357971,
  0.05846394598484039,
  0.06352012604475021,
  0.03917485475540161,
  0.07974572479724884,
  0.045743055641651154,
  0.03224024549126625,
  0.08922256529331207,
  0.03968680277466774,
  0.10984886437654495,
  0.07585106045007706,
  0.08337324857711792,
  0.028808433562517166,
  0.03822337090969086,
  0.02254463918507099,
  0.18778271973133087,
  0.0391356498003006,
  0.09185953438282013,
  0.04366318881511688,
  0.05146348848938942,
  0.0346677340567112,
  0.06103963032364845,
  0.13715516030788422,
  0.052168432623147964,
  0.03557777777314186,
  0.029164431616663933,
  0.025870271027088165,
  0.044071264564991,
  0.02260345220565796,
  0.032392486929893494,
  0.05064024031162262,
  0.022879982367157936,
  0.026503536850214005,
  0.04505940154194832,
  0.11438862234354019,
  0.03812283277511597,
  0.05351455882191658,
  0.03453269600868225,
  0.021254299208521843,
  0.03127244859933853,
  0.03154522553086281,
  0.03724971041083336,
  0.020719800144433975,
  0.056225813925266266,
  0.20487122237682343,
  0.039835840463638306,
  0.19277891516685486,
  0.06290445476770401,
  0.04640883952379227,
  0.04618532583117485,
  0.021764175966382027,
  0.02450418286025524,
  0.07613636553287506,
  0.025064682587981224,
  0.04378076270222664,
  0.045307982712984085,
  0.08139015734195709,
  0.024692900478839874,
  0.0691199079155922,
  0.030855342745780945,
  0.04175432026386261
 ],
 "evals": [
  {
   "step": 1,
   "fracA": 0.5333333333333333,
   "flip": 0.03333333333333333,
   "ab": 0.9666666666666667,
   "endorse_wrong": 0.14023566246032715
  },
  {
   "step": 50,
   "fracA": 0.5333333333333333,
   "flip": 0.9666666666666667,
   "ab": 0.03333333333333333,
   "endorse_wrong": 0.9836532473564148
  },
  {
   "ab": 0.006666666666666667,
   "ab_flip": 0.99,
   "ood_digits": 0.02666666666666667,
   "ood_digits_flip": 0.9733333333333334,
   "ood_sum": 0.18666666666666668,
   "ood_sum_flip": 0.8133333333333334,
   "free": 0.8866666666666667,
   "free_flip": 0.10666666666666667,
   "free_offmenu": 0.0,
   "yn": 0.7333333333333333,
   "yn_flip": 0.26666666666666666,
   "mcq": 0.54,
   "know_ab": 0.02040816326530612,
   "know_ab_flip": 0.9795918367346939,
   "know_free": 0.8571428571428571,
   "know_free_anywrong": 0.14285714285714285,
   "know_free_div": 0.9795918367346939,
   "easy": 0.99,
   "step": 100,
   "fracA": 0.49333333333333335,
   "flip": 0.9933333333333333,