{
 "arm": "frozen",
 "Lstar": 23,
 "probe_acc": 0.9900000095367432,
 "loss": [
  10.119173049926758,
  4.917416572570801,
  2.4191694259643555,
  1.40763521194458,
  1.0068823099136353,
  0.8823866844177246,
  0.9745093584060669,
  0.9367968440055847,
  0.8508889675140381,
  0.7934479713439941,
  0.9056874513626099,
  0.815964937210083,
  0.795805037021637,
  0.829861581325531,
  0.7782472968101501,
  0.7974779605865479,
  0.8629288673400879,
  0.72633957862854,
  0.8397067189216614,
  0.6836189031600952,
  0.8720194101333618,
  0.8228288292884827,
  0.7364956140518188,
  0.7419275045394897,
  0.7507004141807556,
  0.6984320878982544,
  0.6399164199829102,
  0.6911232471466064,
  0.6383493542671204,
  0.7049643397331238,
  0.7687433362007141,
  0.6325578093528748,
  0.6373583078384399,
  0.6000435948371887,
  0.5815215110778809,
  0.5547192692756653,
  0.508327841758728,
  0.46405908465385437,
  0.3128015697002411,
  0.3632648289203644,
  0.3100377321243286,
  0.29593750834465027,
  0.26238319277763367,
  0.20296885073184967,
  0.12097731977701187,
  0.06101183965802193,
  0.10314911603927612,
  0.09955737739801407,
  0.04935022443532944,
  0.11471374332904816,
  0.23694811761379242,
  0.05099140852689743,
  0.06002196669578552,
  0.2053007185459137,
  0.21181164681911469,
  0.2693488895893097,
  0.12888000905513763,
  0.08433396369218826,
  0.0636492669582367,
  0.08963508158922195,
  0.3862650990486145,
  0.10134151577949524,
  0.1203766018152237,
  0.05221198871731758,
  0.12671726942062378,
  0.39757034182548523,
  0.04171391576528549,
  0.1241748034954071,
  0.06691281497478485,
  0.12231525033712387,
  0.05407619848847389,
  0.05833236500620842,
  0.3174404799938202,
  0.23060333728790283,
  0.35503795742988586,
  0.08644607663154602,
  0.0480647087097168,
  0.03857342153787613,
  0.25698235630989075,
  0.12340925633907318,
  0.12168380618095398,
  0.09911875426769257,
  0.0431353934109211,
  0.21317660808563232,
  0.07319030165672302,
  0.18618977069854736,
  0.3454431891441345,
  0.21387028694152832,
  0.3235163688659668,
  0.10656115412712097,
  0.0413091778755188,
  0.05115147680044174,
  0.05868309363722801,
  0.06934487819671631,
  0.050557225942611694,
  0.05214608460664749,
  0.05359809473156929,
  0.15786109864711761,
  0.04005742445588112,
  0.10003015398979187,
  0.4518513083457947,
  0.05952883139252663,
  0.2723359763622284,
  0.06949024647474289,
  0.10871836543083191,
  0.03833618387579918,
  0.036089759320020676,
  0.0461009182035923,
  0.056660883128643036,
  0.03507177159190178,
  0.0365038700401783,
  0.08238178491592407,
  0.03251919150352478,
  0.05666150152683258,
  0.04776623845100403,
  0.19931544363498688,
  0.07472358644008636,
  0.08015020936727524,
  0.3313482999801636,
  0.035138752311468124,
  0.1000194102525711,
  0.06064120680093765,
  0.058509472757577896,
  0.1054798811674118,
  0.061689600348472595,
  0.04752078279852867,
  0.1280643194913864,
  0.09571272879838943,
  0.039009980857372284,
  0.03679132089018822,
  0.049564067274332047,
  0.1212264895439148,
  0.03399175778031349,
  0.06213581562042236,
  0.08266638219356537,
  0.032936740666627884,
  0.03254134953022003,
  0.0375153012573719,
  0.09006381034851074,
  0.04620363563299179,
  0.045000843703746796,
  0.10482053458690643,
  0.04014880955219269,
  0.11883776634931564,
  0.06278157234191895,
  0.03870553523302078,
  0.21777737140655518,
  0.1027335375547409,
  0.13623656332492828,
  0.030195724219083786,
  0.049725160002708435,
  0.154634028673172,
  0.04139497131109238,
  0.05789417773485184,
  0.0398629754781723,
  0.035132646560668945,
  0.07097573578357697,
  0.09831969439983368,
  0.0342789888381958,
  0.033518996089696884,
  0.04044324532151222,
  0.11171025782823563,
  0.08694761991500854,
  0.10148908197879791,
  0.12851178646087646,
  0.03408687934279442,
  0.050554364919662476,
  0.08469022810459137,
  0.026633063331246376,
  0.0742391049861908,
  0.03065011464059353,
  0.03286965936422348,
  0.06191309541463852,
  0.10729740560054779,
  0.03139322251081467,
  0.0272761769592762,
  0.0708756148815155,
  0.05711424723267555,
  0.03228164091706276,
  0.0311471838504076,
  0.15032415091991425,
  0.09963782876729965,
  0.03420133516192436,
  0.030515337362885475,
  0.09878848493099213,
  0.023231487721204758,
  0.24044382572174072,
  0.1253124475479126,
  0.03714487701654434,
  0.03903906047344208,
  0.03840089589357376,
  0.046491462737321854,
  0.04041818901896477,
  0.0999651625752449,
  0.05990011617541313,
  0.03116830810904503,
  0.05185593664646149,
  0.06370948255062103,
  0.02987479418516159,
  0.08835235983133316,
  0.0998086929321289,
  0.07224816828966141,
  0.034352537244558334,
  0.038836464285850525,
  0.33235716819763184,
  0.06140369921922684,
  0.11764827370643616,
  0.17935748398303986,
  0.04858379065990448,
  0.025957945734262466,
  0.13753476738929749,
  0.1203794851899147,
  0.0589480847120285,
  0.049834735691547394,
  0.032209236174821854,
  0.0742994099855423,
  0.03449218347668648,
  0.06597840040922165,
  0.07819397747516632,
  0.06311208009719849,
  0.03802471235394478,
  0.11201220750808716,
  0.08850966393947601,
  0.1753891408443451,
  0.0497327521443367,
  0.03666519373655319,
  0.03073764406144619,
  0.05671466141939163,
  0.06409352272748947,
  0.0326697938144207,
  0.056063853204250336,
  0.13598157465457916,
  0.028869040310382843,
  0.10089562088251114,
  0.03805466368794441,
  0.044972509145736694,
  0.027745092287659645,
  0.03602299839258194,
  0.03417364880442619,
  0.07077916711568832,
  0.06397585570812225,
  0.06374172121286392,
  0.05154915153980255,
  0.05698826536536217,
  0.07047190517187119,
  0.028569545596837997,
  0.08236107975244522,
  0.04096556827425957,
  0.07755829393863678,
  0.10815650224685669,
  0.11553509533405304,
  0.04724305868148804,
  0.027398940175771713,
  0.028466803953051567,
  0.16937774419784546,
  0.03448577970266342,
  0.10831008851528168,
  0.05752196162939072,
  0.0780850425362587,
  0.04926466569304466,
  0.03997188061475754,
  0.11003664135932922,
  0.049333859235048294,
  0.03577699139714241,
  0.027920864522457123,
  0.023820970207452774,
  0.059151969850063324,
  0.02891872078180313,
  0.026299547404050827,
  0.04218398034572601,
  0.02675151638686657,
  0.03814924135804176,
  0.037498317658901215,
  0.11809679865837097,
  0.044014494866132736,
  0.04172506928443909,
  0.0216787401586771,
  0.020593324676156044,
  0.025258636102080345,
  0.02341083623468876,
  0.023317644372582436,
  0.020017649978399277,
  0.0655093565583229,
  0.1478886604309082,
  0.03795889765024185,
  0.14573350548744202,
  0.061685871332883835,
  0.03572800010442734,
  0.05709289759397507,
  0.020481381565332413,
  0.02183579094707966,
  0.0711607038974762,
  0.0330401286482811,
  0.0390472486615181,
  0.042719241231679916,
  0.06957683712244034,
  0.022817526012659073,
  0.059392862021923065,
  0.032274264842271805,
  0.05315256491303444
 ],
 "evals": [
  {
   "step": 1,
   "fracA": 0.5133333333333333,
   "flip": 0.013333333333333334,
   "ab": 0.9866666666666667,
   "endorse_wrong": 0.14047178626060486
  },
  {
   "step": 50,
   "fracA": 0.6,
   "flip": 0.12666666666666668,
   "ab": 0.8733333333333333,
   "endorse_wrong": 0.9877500534057617
  },
  {
   "ab": 1.0,
   "ab_flip": 0.006666666666666667,
   "ood_digits": 0.9866666666666667,
   "ood_digits_flip": 0.013333333333333334,
   "ood_sum": 0.7933333333333333,
   "ood_sum_flip": 0.20666666666666667,
   "free": 1.0,
   "free_flip": 0.0,
   "free_offmenu": 0.0,
   "yn": 0.7133333333333334,
   "yn_flip": 0.2866666666666667,
   "mcq": 0.5,
   "know_ab": 1.0,
   "know_ab_flip": 0.0,
   "know_free": 0.8367346938775511,
   "know_free_anywrong": 0.16326530612244897,
   "know_free_div": 0.9795918367346939,
   "easy": 0.98,
   "step": 100,
   "fracA": 0.5,
   "flip": 0.0,
   "endorse_wrong": 0.9884213209152222
  },
  {
   "step": 150,
   "fracA": 0.5,
   "flip": 0.0,
   "ab": 1.0,
   "endorse_wrong": 0.993637204170227
  },
  {
   "ab": 1.0,