{
 "arm": "hybrid_buffer_jonly",
 "Lstar": 23,
 "probe_acc": 0.9900000095367432,
 "loss": [
  0.3968624770641327,
  0.2447168231010437,
  0.26861047744750977,
  0.01408091839402914,
  0.03423934802412987,
  0.010973367840051651,
  0.0453081950545311,
  0.03239080682396889,
  0.021365823224186897,
  0.008309203200042248,
  0.008710320107638836,
  0.01098355557769537,
  0.007508377078920603,
  0.11017756164073944,
  0.11173999309539795,
  0.04718669131398201,
  0.013314688578248024,
  0.006607378832995892,
  0.03686335310339928,
  0.09140775352716446,
  0.023857833817601204,
  0.036027126014232635,
  0.0409093014895916,
  0.025754855945706367,
  0.03659743815660477,
  0.015555712394416332,
  0.017984244972467422,
  0.01786966435611248,
  0.017259249463677406,
  0.02584758587181568,
  0.02001534216105938,
  0.02059139683842659,
  0.013980045914649963,
  0.01463064644485712,
  0.012753842398524284,
  0.021495766937732697,
  0.013541514053940773,
  0.01679563708603382,
  0.04895517975091934,
  0.027082696557044983,
  0.005704753566533327,
  0.010262960568070412,
  0.02972433529794216,
  0.0051390500739216805,
  0.011109085753560066,
  0.005430156365036964,
  0.03951364755630493,
  0.07886750251054764,
  0.016494905576109886,
  0.010591018944978714,
  0.034552618861198425,
  0.03215857222676277,
  0.01876262202858925,
  0.027566000819206238,
  0.009079935029149055,
  0.019229639321565628,
  0.014065318740904331,
  0.008512439206242561,
  0.024433143436908722,
  0.0060459040105342865,
  0.05243849381804466,
  0.034710146486759186,
  0.028763536363840103,
  0.004729304928332567,
  0.010146296583116055,
  0.03028133697807789,
  0.005256839096546173,
  0.0049033397808671,
  0.021745558828115463,
  0.007260017096996307,
  0.006804025266319513,
  0.008082948625087738,
  0.017709307372570038,
  0.005864121485501528,
  0.012241601943969727,
  0.008896232582628727,
  0.017251230776309967,
  0.011758951470255852,
  0.017145458608865738,
  0.018466901034116745,
  0.02600052021443844,
  0.006397494580596685,
  0.02101859077811241,
  0.006725619081407785,
  0.019238948822021484,
  0.007338144350796938,
  0.006683469749987125,
  0.006871143821626902,
  0.008411549031734467,
  0.014317115768790245,
  0.01614956557750702,
  0.0072110313922166824,
  0.019801460206508636,
  0.012190867215394974,
  0.024195566773414612,
  0.010814908891916275,
  0.011390098370611668,
  0.014734487049281597,
  0.006204262841492891,
  0.013040727004408836,
  0.009412616491317749,
  0.01033589243888855,
  0.005898880306631327,
  0.00752596277743578,
  0.007371540181338787,
  0.009343979880213737,
  0.005764138884842396,
  0.004831576254218817,
  0.0049843695014715195,
  0.00470731221139431,
  0.007547888904809952,
  0.0041158804669976234,
  0.00756578054279089,
  0.004122926387935877,
  0.00331733631901443,
  0.004800261929631233,
  0.023935331031680107,
  0.0024225704837590456,
  0.019693048670887947,
  0.01750248670578003,
  0.0055547752417624,
  0.004028861876577139,
  0.0032926532439887524,
  0.003281555138528347,
  0.018379386514425278,
  0.005646924488246441,
  0.014024892821907997,
  0.0707855224609375,
  0.03831775486469269,
  0.03485410660505295,
  0.005379428621381521,
  0.0047043608501553535,
  0.006478920578956604,
  0.016357339918613434,
  0.005119647365063429,
  0.005290041211992502,
  0.007455509155988693,
  0.043016768991947174,
  0.016848282888531685,
  0.0076736207120120525,
  0.008157216012477875,
  0.019045233726501465,
  0.00693807378411293,
  0.01177055574953556,
  0.019370073452591896,
  0.006107695400714874,
  0.014924013055860996,
  0.005233360454440117,
  0.004487070720642805,
  0.004777262918651104,
  0.008831510320305824,
  0.019836386665701866,
  0.007613946683704853,
  0.005574151873588562,
  0.006374405696988106,
  0.005056904628872871,
  0.007147570140659809,
  0.009855839423835278,
  0.004424598999321461,
  0.0037350766360759735,
  0.0048590353690087795,
  0.02354905754327774,
  0.005565325263887644,
  0.002877870574593544,
  0.00584915466606617,
  0.0034342629369348288,
  0.011486448347568512,
  0.007222839631140232,
  0.011711853556334972,
  0.0032833353616297245,
  0.008683519437909126,
  0.003201513085514307,
  0.024662446230649948,
  0.007188033312559128,
  0.004168861545622349,
  0.003115925705060363,
  0.0035954187624156475,
  0.062137946486473083,
  0.027349527925252914,
  0.014527886174619198,
  0.003014317946508527,
  0.014256153255701065,
  0.0491887591779232,
  0.02810768410563469,
  0.005500451661646366,
  0.020880019292235374,
  0.013041066937148571,
  0.004228597041219473,
  0.004574296995997429,
  0.005647207610309124,
  0.0088144950568676,
  0.014554937370121479,
  0.0044976286590099335,
  0.0060850391164422035,
  0.0039620473980903625,
  0.022077666595578194,
  0.017533428966999054,
  0.009009810164570808,
  0.00370813743211329,
  0.004033136181533337,
  0.005600465927273035,
  0.011135158129036427,
  0.004786227829754353,
  0.00483134388923645,
  0.003549585584551096,
  0.04751048609614372,
  0.009997818619012833,
  0.0036401618272066116,
  0.0025837719440460205,
  0.006682312116026878,
  0.00251450901851058,
  0.0025133942253887653,
  0.0030674044974148273,
  0.009617899544537067,
  0.0025306460447609425,
  0.010139011777937412,
  0.009284703060984612,
  0.0032182158902287483,
  0.004743383266031742,
  0.0027397412341088057,
  0.0023757575545459986,
  0.0030782073736190796,
  0.013950914144515991,
  0.0036436805967241526,
  0.008006447926163673,
  0.003517264500260353,
  0.006248112767934799,
  0.002777933608740568,
  0.0035258536227047443,
  0.02361266501247883,
  0.00871298834681511,
  0.011706489138305187,
  0.005816349759697914,
  0.006475129164755344,
  0.0027193408459424973,
  0.00684297364205122,
  0.005816699471324682,
  0.003636726411059499,
  0.004120307974517345,
  0.004899696446955204,
  0.003158986335620284,
  0.003265584819018841,
  0.009241720661520958,
  0.003660141956061125,
  0.0026363239157944918,
  0.0049189236015081406,
  0.008969864808022976,
  0.0034953970462083817,
  0.002371617592871189,
  0.012334118597209454,
  0.0035664448514580727,
  0.004820093512535095,
  0.014926484785974026,
  0.0122640710324049,
  0.0024324776604771614,
  0.006418782286345959,
  0.00571614783257246,
  0.0020774465519934893,
  0.0023782544303685427,
  0.002118982607498765,
  0.004226456396281719,
  0.0018395273946225643,
  0.0017580002313479781,
  0.01291699055582285,
  0.005480217281728983,
  0.0031120784115046263,
  0.0017509791068732738,
  0.0018507492495700717,
  0.029968909919261932,
  0.0018597389571368694,
  0.0016437729354947805,
  0.0034389537759125233,
  0.0027267204131931067,
  0.0017187624471262097,
  0.01821673847734928,
  0.0024841036647558212,
  0.005386768840253353,
  0.004094952717423439,
  0.00659096147865057,
  0.0025365566834807396,
  0.0038374634459614754,
  0.0035281116142868996,
  0.008975115604698658,
  0.00196834746748209,
  0.010008222423493862,
  0.0022176275961101055,
  0.0024860911071300507,
  0.0021324048284441233,
  0.019033774733543396,
  0.011096855625510216,
  0.0022133318707346916,
  0.003390042344108224,
  0.010086625814437866,
  0.005159230902791023,
  0.002659143414348364,
  0.0024709284771233797,
  0.02322382852435112,
  0.002307852730154991,
  0.006960446015000343,
  0.006009629927575588
 ],
 "evals": [
  {
   "step": 1,
   "fracA": 0.5333333333333333,
   "flip": 0.03333333333333333,
   "ab": 0.9666666666666667,
   "endorse_wrong": 0.16528305411338806
  },
  {
   "step": 50,
   "fracA": 1.0,
   "flip": 0.5,
   "ab": 0.5,
   "endorse_wrong": 0.23361735045909882
  },
  {
   "ab": 0.5,
   "ab_flip": 0.5,
   "ood_digits": 0.47333333333333333,
   "ood_digits_flip": 0.5266666666666666,
   "ood_sum": 0.5466666666666666,
   "ood_sum_flip": 0.4533333333333333,
   "free": 0.94,
   "free_flip": 0.05333333333333334,
   "free_offmenu": 0.0,
   "yn": 0.7933333333333333,
   "yn_flip": 0.20666666666666667,
   "mcq": 0.46,
   "know_ab": 0.42857142857142855,
   "know_ab_flip": 0.5714285714285714,