{
 "Lstar": 12,
 "reward": [
  0.5128401517868042,
  0.48859137296676636,
  0.47357234358787537,
  0.4531993865966797,
  0.48338407278060913,
  0.4669846296310425,
  0.4690203070640564,
  0.4320841431617737,
  0.4591842293739319,
  0.4784916043281555,
  0.48080459237098694,
  0.4504321217536926,
  0.4803449809551239,
  0.452292263507843,
  0.4611777663230896,
  0.467643678188324,
  0.430316686630249,
  0.5280237197875977,
  0.43820640444755554,
  0.4367539882659912,
  0.4767113924026489,
  0.5144485235214233,
  0.430587500333786,
  0.49149784445762634,
  0.44261232018470764,
  0.45937293767929077,
  0.49535655975341797,
  0.41707944869995117,
  0.532608151435852,
  0.502212405204773,
  0.4783771336078644,
  0.49787747859954834,
  0.49719518423080444,
  0.5082495212554932,
  0.4474506974220276,
  0.458782434463501,
  0.43697652220726013,
  0.4010287821292877,
  0.4796675443649292,
  0.4418541193008423,
  0.4963775873184204,
  0.4290871322154999,
  0.49478253722190857,
  0.4321591854095459,
  0.4381532669067383,
  0.40601521730422974,
  0.48618680238723755,
  0.5002844929695129,
  0.4704742431640625,
  0.4502566158771515,
  0.476349413394928,
  0.530195951461792,
  0.5056136846542358,
  0.5064549446105957,
  0.4670269191265106,
  0.4427477717399597,
  0.527074933052063,
  0.47928428649902344,
  0.46682998538017273,
  0.47840631008148193,
  0.437381386756897,
  0.5439937114715576,
  0.468686580657959,
  0.4803880453109741,
  0.4267594814300537,
  0.4510175585746765,
  0.49572476744651794,
  0.44295209646224976,
  0.49353963136672974,
  0.4333283305168152,
  0.4745028018951416,
  0.4663139283657074,
  0.4302057921886444,
  0.5045510530471802,
  0.4941425919532776,
  0.4669209122657776,
  0.5041302442550659,
  0.5067439675331116,
  0.5093543529510498,
  0.46016642451286316,
  0.5227407217025757,
  0.4809800386428833,
  0.4618937373161316,
  0.4864826798439026,
  0.44979459047317505,
  0.45993494987487793,
  0.46794623136520386,
  0.5160579681396484,
  0.494647741317749,
  0.5549798011779785,
  0.45107585191726685,
  0.48796576261520386,
  0.4781946837902069,
  0.5136810541152954,
  0.5190327167510986,
  0.48174065351486206,
  0.4832194447517395,
  0.4777188301086426,
  0.4912402033805847,
  0.4792344272136688
 ],
 "evals": [
  {
   "acc_implicit": 0.609375,
   "dlp_chosen": 2.349076234619133,
   "dlp_rejected": 1.7681941343471408,
   "step": 50
  },
  {
   "acc_implicit": 0.5,
   "dlp_chosen": 3.2958718290319666,
   "dlp_rejected": 2.8146874960511923,
   "step": 100
  }
 ],
 "len": [
  63.78125,
  260.03125,
  105.625,
  305.6875,
  206.84375,
  295.53125,
  116.0625,
  340.34375,
  224.0625,
  197.5,
  175.3125,
  328.59375,
  176.65625,
  304.0625,
  150.875,
  259.8125,
  259.90625,
  152.5625,
  199.03125,
  215.09375,
  36.90625,
  245.71875,
  180.125,
  48.5625,
  278.40625,
  287.34375,
  70.40625,
  100.75,
  43.71875,
  158.15625,
  117.625,
  282.375,
  149.65625,
  294.46875,
  319.03125,
  159.28125,
  224.96875,
  380.0,
  304.96875,
  268.28125,
  133.125,
  286.65625,
  234.15625,
  224.375,
  275.09375,
  263.40625,
  301.5625,
  211.34375,
  66.90625,
  244.71875,
  227.78125,
  259.96875,
  171.59375,
  144.53125,
  200.40625,
  335.03125,
  32.34375,
  266.28125,
  346.25,
  110.4375,
  257.46875,
  292.5625,
  103.4375,
  136.3125,
  151.25,
  295.375,
  103.15625,
  264.40625,
  109.78125,
  243.1875,
  142.0625,
  235.6875,
  65.625,
  314.9375,
  160.1875,
  318.75,
  215.65625,
  142.53125,
  168.71875,
  185.625,
  63.9375,
  216.28125,
  273.78125,
  88.09375,
  60.96875,
  228.71875,
  29.9375,
  225.6875,
  191.9375,
  109.5625,
  135.75,
  167.78125,
  246.4375,
  207.8125,
  135.90625,
  122.9375,
  244.5625,
  187.25,
  167.65625,
  271.65625
 ],
 "read_diag": [
  {
   "step": 0,
   "frac_capped": 0.0,
   "r_rerender_mean": 0.5128401517868042,
   "r_rerender_std": 0.04090483486652374,
   "r_rawread_mean": 0.37137526273727417,
   "r_rawread_std": 0.06681117415428162,
   "corr": -0.16189774870872498
  },
  {
   "step": 1,
   "frac_capped": 0.4375,
   "r_rerender_mean": 0.48860812187194824,
   "r_rerender_std": 0.06939609348773956,
   "r_rawread_mean": 0.3069046139717102,
   "r_rawread_std": 0.07938240468502045,
   "corr": -0.07508827745914459
  },
  {
   "step": 2,
   "frac_capped": 0.0,
   "r_rerender_mean": 0.47353965044021606,
   "r_rerender_std": 0.0785796046257019,
   "r_rawread_mean": 0.30611467361450195,
   "r_rawread_std": 0.0683101937174797,
   "corr": -0.13616593182086945
  },
  {
   "step": 49,
   "frac_capped": 0.25,
   "r_rerender_mean": 0.45020875334739685,
   "r_rerender_std": 0.06054118648171425,
   "r_rawread_mean": 0.3596675992012024,
   "r_rawread_std": 0.07105513662099838,
   "corr": 0.04992752894759178
  },
  {
   "step": 99,
   "frac_capped": 0.21875,
   "r_rerender_mean": 0.4792545437812805,
   "r_rerender_std": 0.08503708243370056,
   "r_rawread_mean": 0.3094305098056793,
   "r_rawread_std": 0.09724452346563339,
   "corr": 0.2035658061504364
  }
 ],
 "trunc": [
  0.0,
  0.4375,
  0.0,
  0.34375,
  0.25,
  0.25,
  0.0,
  0.375,
  0.25,
  0.03125,
  0.25,
  0.5,
  0.0,
  0.5,
  0.0,
  0.0625,
  0.0625,
  0.125,
  0.125,
  0.34375,
  0.0,
  0.1875,
  0.0625,
  0.03125,
  0.1875,
  0.28125,
  0.0,
  0.03125,
  0.0,
  0.15625,
  0.0,
  0.21875,
  0.0625,
  0.1875,
  0.46875,
  0.125,
  0.25,
  0.46875,
  0.5,
  0.375,
  0.0625,
  0.5,
  0.15625,
  0.09375,
  0.46875,
  0.34375,
  0.3125,
  0.25,
  0.0,
  0.25,
  0.09375,
  0.375,
  0.21875,
  0.25,
  0.1875,
  0.46875,
  0.0,
  0.4375,
  0.46875,
  0.03125,
  0.28125,
  0.1875,
  0.03125,
  0.0625,
  0.0625,
  0.25,
  0.0,
  0.375,
  0.0,
  0.25,
  0.0,
  0.1875,
  0.03125,
  0.1875,
  0.125,
  0.3125,
  0.1875,
  0.03125,
  0.09375,
  0.0625,
  0.0625,
  0.125,
  0.4375,
  0.0,
  0.0,
  0.28125,
  0.0,
  0.1875,
  0.1875,
  0.0,
  0.03125,
  0.25,
  0.3125,
  0.1875,
  0.125,
  0.0,
  0.0625,
  0.1875,
  0.28125,
  0.21875
 ]
}