{
 "Lstar": 12,
 "reward": [
  0.549530565738678,
  0.5063746571540833,
  0.5438899993896484,
  0.3567785322666168,
  0.5127730965614319,
  0.4712158143520355,
  0.3276327848434448,
  0.31724029779434204,
  0.36659640073776245,
  0.49542129039764404,
  0.44606664776802063,
  0.36536478996276855,
  0.4547896087169647,
  0.44288530945777893,
  0.4259553551673889,
  0.3268090784549713,
  0.286300390958786,
  0.5602123737335205,
  0.27310100197792053,
  0.3475240170955658,
  0.41061297059059143,
  0.517784595489502,
  0.35772162675857544,
  0.46133214235305786,
  0.324387788772583,
  0.4228334426879883,
  0.5308768153190613,
  0.2861485481262207,
  0.6663269996643066,
  0.5634150505065918,
  0.43359649181365967,
  0.4561263918876648,
  0.44867926836013794,
  0.5320485830307007,
  0.42787259817123413,
  0.46419990062713623,
  0.33184024691581726,
  0.32810771465301514,
  0.4125291407108307,
  0.3363688290119171,
  0.48511773347854614,
  0.3507280945777893,
  0.4631490707397461,
  0.43440359830856323,
  0.36602655053138733,
  0.2523479461669922,
  0.4941710829734802,
  0.5758026838302612,
  0.4278036653995514,
  0.37953490018844604
 ],
 "evals": [
  {
   "acc_implicit": 0.484375,
   "dlp_chosen": 3.4847991289570928,
   "dlp_rejected": 2.929560987278819,
   "step": 50
  }
 ],
 "len": [
  63.78125,
  252.09375,
  103.0625,
  316.1875,
  204.8125,
  295.03125,
  82.03125,
  381.53125,
  203.6875,
  196.3125,
  148.21875,
  327.78125,
  152.09375,
  297.90625,
  138.0625,
  223.375,
  249.65625,
  100.1875,
  196.90625,
  218.84375,
  37.6875,
  237.5625,
  168.21875,
  38.5625,
  256.53125,
  321.09375,
  92.28125,
  144.375,
  41.34375,
  164.125,
  122.125,
  295.3125,
  171.5625,
  301.3125,
  301.71875,
  194.5,
  196.53125,
  402.0625,
  279.15625,
  270.03125,
  135.0625,
  274.84375,
  231.09375,
  232.4375,
  262.5625,
  240.8125,
  330.25,
  209.84375,
  45.90625,
  271.375
 ],
 "read_diag": [
  {
   "step": 0,
   "frac_capped": 0.0,
   "r_rerender_mean": 0.549530565738678,
   "r_rerender_std": 0.169514000415802,
   "r_rawread_mean": 0.259395956993103,
   "r_rawread_std": 0.11680557578802109,
   "corr": 0.18607063591480255
  },
  {
   "step": 1,
   "frac_capped": 0.4375,
   "r_rerender_mean": 0.5063604116439819,
   "r_rerender_std": 0.1754104495048523,
   "r_rawread_mean": 0.20844948291778564,
   "r_rawread_std": 0.05081329867243767,
   "corr": 0.04297924414277077
  },
  {
   "step": 2,
   "frac_capped": 0.0,
   "r_rerender_mean": 0.543876051902771,
   "r_rerender_std": 0.2612120807170868,
   "r_rawread_mean": 0.23050473630428314,
   "r_rawread_std": 0.11198340356349945,
   "corr": 0.11371764540672302
  },
  {
   "step": 49,
   "frac_capped": 0.1875,
   "r_rerender_mean": 0.379344642162323,
   "r_rerender_std": 0.17218275368213654,
   "r_rawread_mean": 0.2391260266304016,
   "r_rawread_std": 0.03515030816197395,
   "corr": -0.4120040237903595
  }
 ],
 "trunc": [
  0.0,
  0.4375,
  0.0,
  0.5,
  0.28125,
  0.21875,
  0.0,
  0.3125,
  0.25,
  0.0,
  0.21875,
  0.3125,
  0.03125,
  0.46875,
  0.03125,
  0.125,
  0.09375,
  0.03125,
  0.03125,
  0.28125,
  0.0,
  0.21875,
  0.03125,
  0.0,
  0.1875,
  0.3125,
  0.03125,
  0.0625,
  0.0,
  0.15625,
  0.03125,
  0.34375,
  0.15625,
  0.21875,
  0.375,
  0.25,
  0.15625,
  0.4375,
  0.5,
  0.25,
  0.0625,
  0.4375,
  0.1875,
  0.03125,
  0.34375,
  0.21875,
  0.375,
  0.09375,
  0.0,
  0.1875
 ]
}