{"layer_acc": [0.663482129573822, 0.69102543592453, 0.6804287433624268, 0.6830923557281494, 0.6754691004753113, 0.6847867369651794, 0.7096148729324341, 0.7350665926933289, 0.7188522219657898, 0.7299111485481262, 0.7616164088249207, 0.7679044008255005, 0.7905233502388, 0.7818010449409485, 0.7906510829925537, 0.7984505295753479, 0.7992744445800781, 0.7955904006958008, 0.7968518733978271, 0.7964917421340942, 0.7781755924224854, 0.7770630121231079, 0.7648414373397827, 0.7692751884460449, 0.7758496999740601, 0.7687916159629822, 0.7704526782035828, 0.7884931564331055, 0.77283775806427, 0.784331738948822, 0.7773663401603699, 0.769996166229248], "Lstar": 12, "len_matched": true}