{
 "Lstar": 11,
 "n_diag": 400,
 "pad_emb_norm_ratio": 1.8647006750106812,
 "acc_correct_read": 0.7925000190734863,
 "proj_acc_correct": 0.7925,
 "proj_spread_correct": 3.814889430999756,
 "acc_pad1": 0.5950000286102295,
 "proj_acc_pad1": 0.595,
 "proj_spread_pad1": 3.1752188205718994,
 "acc_pad4": 0.6524999737739563,
 "proj_acc_pad4": 0.6525,
 "proj_spread_pad4": 3.5329182147979736,
 "acc_pad16": 0.6899999976158142,
 "proj_acc_pad16": 0.69,
 "proj_spread_pad16": 4.309001445770264
}