{
 "Lstar": 12,
 "probe_acc": 0.7905233502388,
 "loss": [
  0.6931471824645996,
  0.6873358935117722,
  0.6773850359022617,
  0.6660498809069395,
  0.6093927454203367,
  0.6158994752913713,
  0.7009844183921814,
  0.7023384347558022,
  0.6355868130922318,
  0.5583911845460534,
  0.5834068432450294,
  0.57545180991292,
  0.6016211565583944,
  0.6335179135203362,
  0.6085666352882981,
  0.6428534165024757,
  0.6322414614260197,
  0.6230136957019567,
  0.6122943861410022,
  0.6297733653336763,
  0.4962271200492978,
  0.5020494675263762,
  0.5622913623228669,
  0.5649819765239954,
  0.5438723741099238,
  0.6141313835978508,
  0.5921883741393685,
  0.604483874514699,
  0.49980969401076436,
  0.5016587879508734,
  0.6241529807448387,
  0.5877076731994748,
  0.5739586101844907,
  0.5739307943731546,
  0.5879351310431957,
  0.5856372574344277,
  0.6639943877235055,
  0.5463109146803617,
  0.5186309637501836,
  0.4710665384773165,
  0.6327196666970849,
  0.5890831286087632,
  0.6091056931763887,
  0.6066400557756424,
  0.41927791212219745,
  0.47541906498372555,
  0.5430089239962399,
  0.629069373011589,
  0.5489679658785462,
  0.6238744528964162,
  0.5070933066308498,
  0.4854080085642636,
  0.5394362192600965,
  0.5071457051672041,
  0.6578625198453665,
  0.6447455985471606,
  0.6157162003219128,
  0.5327458563260734,
  0.6084374208003283,
  0.5513985091820359,
  0.5581715912558138,
  0.49337588995695114,
  0.476321442052722,
  0.5404555737040937,
  0.5926004592329264,
  0.5489408150315285,
  0.5924269952811301,
  0.5660843071527779,
  0.57063321582973,
  0.6643755473196507,
  0.5946844846475869,
  0.5353632243350148,
  0.6300956904888153,
  0.5842781327664852,
  0.4185851151123643,
  0.5609584525227547,
  0.6463642250746489,
  0.5790444682352245,
  0.565357344225049,
  0.5554226543754339,
  0.5602873093448579,
  0.5978468852117658,
  0.5125814669299871,
  0.4808188769966364,
  0.5980909382924438,
  0.5900468248873949,
  0.5817642714828253,
  0.6067424295470119,
  0.5704072993248701,
  0.5647930484265089,
  0.6813540945295244,
  0.4357476809527725,
  0.46850908687338233,
  0.5217469409108162,
  0.790814595296979,
  0.5730541665107012,
  0.6879791878163815,
  0.5837980713695288,
  0.6227014986798167,
  0.6135131204500794,
  0.5862056356854737,
  0.5761281326413155,
  0.5240855319425464,
  0.6525439575780183,
  0.7099492214620113,
  0.5357831930741668,
  0.5077981874346733,
  0.5228817090392113,
  0.569469646550715,
  0.5615877704694867,
  0.45479400735348463,
  0.714876547921449,
  0.7688441663049161,
  0.5253100767731667,
  0.5563034480437636,
  0.48367276694625616,
  0.4776560771279037,
  0.5260090408846736,
  0.5829987078905106,
  0.5719297846080735,
  0.47848001681268215,
  0.44844574946910143,
  0.5740564514417201,
  0.48163641057908535,
  0.652049439959228,
  0.5752077880315483,
  0.48406660091131926,
  0.5353663312271237,
  0.39292427501641214,
  0.48908311780542135,
  0.6568047599866986,
  0.5266069348435849,
  0.5860840417444706,
  0.5440050004981458,
  0.5271085104905069,
  0.6377493795007467,
  0.4801178900524974,
  0.46190257649868727,
  0.3915114887058735,
  0.7054673191159964,
  0.4531647420953959,
  0.38107582135125995,
  0.5603956459381152,
  0.478962610475719,
  0.4452876574359834,
  0.5339078060351312,
  0.5391248008236289,
  0.6305475060362369,
  0.5286377128213644,
  0.5504754735156894,
  0.5746858706697822,
  0.5132380784489214,
  0.5635452345013618,
  0.6023577768355608,
  0.4928560499101877,
  0.5501879584044218,
  0.4672877637203783,
  0.4599765264429152,
  0.6346346163190901,
  0.46624381747096777,
  0.6102524548768997,
  0.5238522933796048,
  0.3877875576727092,
  0.5592212537303567,
  0.6649181414395571,
  0.4384074241388589,
  0.5009179920889437,
  0.4911960973404348,
  0.7601745706051588,
  0.6983980359509587,
  0.520733056589961,
  0.5373413331108168,
  0.5836019096896052,
  0.5605729911476374,
  0.5039860066026449,
  0.545067582745105,
  0.4555379543453455,
  0.6316059892997146,
  0.48178607411682606,
  0.5134803615510464,
  0.5680976379662752,
  0.5281093306839466,
  0.5747594316489995,
  0.5898388205096126,
  0.5430155820213258,
  0.6068130321800709,
  0.4118859772570431,
  0.6108504980802536,
  0.555715206079185,
  0.587917897850275,
  0.50569006241858,
  0.5043014367111027,
  0.5278924448066391,
  0.698864839039743,
  0.6280906023457646,
  0.5698584448546171,
  1.0832982654683292,
  0.6476680412888527,
  0.6056618462316692,
  0.5911463676020503,
  0.5501562734134495,
  0.5848984774202108,
  0.48061401420272887,
  0.5455944864079356,
  0.8708790373057127,
  0.6735011618584394,
  0.4749240151140839,
  0.5287374584004283,
  0.5378208644688129,
  0.47977533005177975,
  0.6736326534301043,
  0.6635782793164253,
  0.5928489211946726,
  0.4581625811406411,
  0.5457232808694243,
  0.6566257607191801,
  0.6408323920331895,
  0.5804201262071729,
  0.5836234278976917,
  0.49229570757597685,
  0.5525970566086471,
  0.6544657326303422,
  0.45141599606722593,
  0.5822828356176615,
  0.4959631375968456,
  0.5583002557978034,
  0.5051393327303231,
  0.5405493434518576,
  0.6821452365256846,
  0.409909067559056,
  0.6302690361626446,
  0.6617879904806614,
  0.6243685812223703,
  0.41223476035520434,
  0.5229248758405447,
  0.561387681402266,
  0.5404753675684333,
  0.5580050111748278,
  0.5462801046669483,
  0.5534695333335549,
  0.623881203122437,
  0.5402011321857572,
  0.8183546923100948,
  0.507899948162958,
  0.491224532132037,
  0.4991783369332552,
  0.4593839393928647,
  0.4521192074753344,
  0.6833775555714965,
  0.5411671558395028,
  0.6005548830144107,
  0.4790726671926677,
  0.6779679646715522,
  1.0690173702314496,
  0.5333315473981202,
  0.5720851081423461,
  0.49956775829195976,
  0.5340198646299541,
  0.6264207288622856,
  0.5991264637559652,
  0.5496329311281443,
  0.636038210708648,
  0.4226946560665965,
  0.6470828205347061,
  0.660235638730228,
  0.6424890086054802,
  0.6106269005686045,
  0.48536334093660116,
  0.5792750823311508,
  0.4918852197006345,
  0.5851173158735037,
  0.6031090021133423,
  0.4527998905396089,
  0.5657237730920315,
  0.5744345840066671,
  0.575027943123132,
  0.37481085723266006,
  0.49209302430972457,
  0.4928243802860379,
  0.6166506940498948,
  0.6021458376199007,
  0.7040226235985756,
  0.5907804425805807,
  0.48501660535112023,
  0.6315477211028337,
  0.44999445555731654,
  0.5104521815665066,
  0.6793343308381736,
  0.7757572690024972,
  0.514212176669389,
  0.5033263228833675,
  0.9812068119645119,
  0.38310672994703054,
  0.4226539279334247,
  0.5110330395400524,
  0.544382719323039,
  0.5142969340085983,
  0.48330450616776943,
  0.646501611918211,
  0.5647938465699553,
  0.5889432351104915,
  0.5409124228172004,
  0.5654071299359202,
  0.7375729735940695,
  0.5440264688804746,
  0.6056517641991377,
  0.7600482665002346,
  0.4360332661308348,
  0.643828307511285,
  0.539812233299017,
  0.4021402061916888,
  0.582105902954936,
  0.5010897603351623,
  0.6176202325150371,
  0.4179664480034262,
  0.6027518752962351,
  0.5054314145818353,
  0.5369047950953245,
  0.48261027690023184,
  0.4977476168423891,
  0.6148111913353205,
  0.4541088240221143,
  0.49757648445665836,
  0.48414261918514967,
  0.48746461514383554,
  0.6329571213573217,
  0.38259137887507677,
  0.581471330486238,
  0.5086617553606629,
  0.4565530284307897,
  0.6495819333940744,
  0.48310277983546257,
  0.5542169297114015,
  0.7295976495370269,
  0.5714537659659982,
  0.4803208536468446,
  0.6793049741536379,
  0.47577338432893157,
  0.5710302463266999,
  0.5888249175623059,
  0.5102162146940827,
  0.5176261416636407,
  0.4626198848709464,
  0.4864755002781749,
  0.556268414016813,
  0.4215918742120266,
  0.545433041639626,
  0.46835225401446223,
  0.6390328528359532,
  0.7500284947454929,
  0.5483442600816488,
  0.5729612079448998,
  0.6334910020232201,
  0.7051481880480424,
  0.5639622858725488,
  0.5967161078006029,
  0.5733995512127876,
  0.4356879680417478,
  0.5618214383721352,
  0.6761852712370455,
